{"Modules":[{"Key":"","Source":"","Dir":"."},{"Key":"appservice","Source":"./modules/appservice","Dir":"modules/appservice"},{"Key":"network","Source":"./modules/network","Dir":"modules/network"},{"Key":"nsg-test","Source":"./modules/networksecuritygroup","Dir":"modules/networksecuritygroup"},{"Key":"publicip","Source":"./modules/publicip","Dir":"modules/publicip"},{"Key":"resource_group","Source":"./modules/resource_group","Dir":"modules/resource_group"},{"Key":"vm","Source":"./modules/vm","Dir":"modules/vm"}]}